[{
  "_id": "645c8b08b0d5114f0e5dc191",
  "_class": "com.zaggle.spend_analytics.card_management.entity.CardEntity",
  "accountNumber": "0004147671606247322",
  "amountPaidLastTime": 100,
  "availableCashLimit": 12000,
  "availableCreditLimit": 12879,
  "bankCorporateId": "100477899900",
  "cardHolderName": "yashwin",
  "cardId": "98c83552-efc4-11ed-a05b-0242ac120003",
  "cardNumber": "1111111111111451",
  "corporateId": "100477899900",
  "crn": "12345678",
  "emailId": "abc@gmail.com",
  "expiryDate": {
    "$date": "2031-12-15T00:00:00.000Z"
  },
  "minimumAmountDue": 500,
  "nextStatementDate": {
    "$date": "2024-12-15T00:00:00.000Z"
  },
  "otb": 100,
  "paymentDueDate": {
    "$date": "2023-02-15T00:00:00.000Z"
  },
  "phoneNumber": "3456789074",
  "productType": "Travel",
  "relationshipNo": "100477899900",
  "totalAmountDue": 1000,
  "totalCreditLimit": 10000,
  "totalOutstanding": 5000,
  "status": "Active",
  "corporateBillingCycle": "2023-02-15 2023-03-15"
},{
  "_id": "645c8b08b0d5114f0e5dc192",
  "_class": "com.zaggle.spend_analytics.card_management.entity.CardEntity",
  "accountNumber": "0004147671606247323",
  "amountPaidLastTime": 100,
  "availableCashLimit": 12000,
  "availableCreditLimit": 12879,
  "bankCorporateId": "100477899900",
  "cardHolderName": "Alex",
  "cardId": "33c83552-epo4-11ed-a05b-0242ac120003",
  "cardNumber": "2111111111111891",
  "corporateId": "100477899900",
  "crn": "12345679",
  "emailId": "abc@gmail.com",
  "expiryDate": {
    "$date": "2031-12-15T00:00:00.000Z"
  },
  "minimumAmountDue": 500,
  "nextStatementDate": {
    "$date": "2024-12-15T00:00:00.000Z"
  },
  "otb": 100,
  "paymentDueDate": {
    "$date": "2023-02-15T00:00:00.000Z"
  },
  "phoneNumber": "3456789074",
  "productType": "Travel",
  "relationshipNo": "100477899900",
  "totalAmountDue": 1000,
  "totalCreditLimit": 10000,
  "totalOutstanding": 5000,
  "status": ""
},{
  "_id": "64708b2056dab8103b62c62a",
  "_class": "com.zaggle.spend_analytics.card_management.entity.CardEntity",
  "accountNumber": "0004147671606247326",
  "amountPaidLastTime": 100,
  "availableCashLimit": 12000,
  "availableCreditLimit": 12879,
  "bankCorporateId": "100477899900",
  "cardHolderName": "Marie",
  "cardId": "83552-zpo5-11ed-a05b-0242ac120003",
  "cardNumber": "3111111111114567",
  "corporateId": "100477899900",
  "crn": "12345677",
  "emailId": "abc@gmail.com",
  "expiryDate": {
    "$date": "2031-12-15T00:00:00.000Z"
  },
  "minimumAmountDue": 500,
  "nextStatementDate": {
    "$date": "2024-12-15T00:00:00.000Z"
  },
  "otb": 100,
  "paymentDueDate": {
    "$date": "2023-04-15T00:00:00.000Z"
  },
  "phoneNumber": "9956789074",
  "productType": "Travel",
  "relationshipNo": "100477899900",
  "totalAmountDue": 1000,
  "totalCreditLimit": 10000,
  "totalOutstanding": 5000,
  "status": ""
},{
  "_id": {
    "$oid": "6489b165ef3ba985b564570e"
  },
  "_class": "com.zaggle.spend_analytics.card_management.entity.CardEntity",
  "accountNumber": "0004147671606247322",
  "amountPaidLastTime": 100,
  "availableCashLimit": 12000,
  "availableCreditLimit": 12879,
  "bankCorporateId": "100477899900",
  "cardHolderName": "Richa Sharma",
  "cardId": "99c83552-efc4-11ed-a05b-0242ac120003",
  "cardNumber": "3331111111113679",
  "corporateId": "100477899900",
  "crn": "12345678",
  "emailId": "abc@gmail.com",
  "expiryDate": {
    "$date": "2031-12-15T00:00:00.000Z"
  },
  "minimumAmountDue": 500,
  "nextStatementDate": {
    "$date": "2024-12-15T00:00:00.000Z"
  },
  "otb": 100,
  "paymentDueDate": {
    "$date": "2024-12-15T00:00:00.000Z"
  },
  "phoneNumber": "3456789074",
  "productType": "Travel",
  "relationshipNo": "100477899900",
  "totalAmountDue": 1000,
  "totalCreditLimit": 10000,
  "totalOutstanding": 5000,
  "status": "Active"
},{
  "_id": {
    "$oid": "6489b1acef3ba985b564570f"
  },
  "_class": "com.zaggle.spend_analytics.card_management.entity.CardEntity",
  "accountNumber": "0004147671606247322",
  "amountPaidLastTime": 100,
  "availableCashLimit": 12000,
  "availableCreditLimit": 12879,
  "bankCorporateId": "100477899900",
  "cardHolderName": "Ajay Shukla",
  "cardId": "11c83552-efc4-11ed-a05b-0242ac120003",
  "cardNumber": "3334441111111111",
  "corporateId": "100477899900",
  "crn": "12345678",
  "emailId": "m@gmail.com",
  "expiryDate": {
    "$date": "2031-12-15T00:00:00.000Z"
  },
  "minimumAmountDue": 500,
  "nextStatementDate": {
    "$date": "2024-12-15T00:00:00.000Z"
  },
  "otb": 100,
  "paymentDueDate": {
    "$date": "2024-12-15T00:00:00.000Z"
  },
  "phoneNumber": "3456789074",
  "productType": "Travel",
  "relationshipNo": "100477899900",
  "totalAmountDue": 1000,
  "totalCreditLimit": 10000,
  "totalOutstanding": 5000,
  "status": "Active"
},{
  "_id": {
    "$oid": "6489b98def3ba985b5645710"
  },
  "_class": "com.zaggle.spend_analytics.card_management.entity.CardEntity",
  "accountNumber": "0004147671606247322",
  "amountPaidLastTime": 100,
  "availableCashLimit": 12000,
  "availableCreditLimit": 12879,
  "bankCorporateId": "100477899900",
  "cardHolderName": "Naman",
  "cardId": "12c83552-efc4-11ed-a05b-0242ac120003",
  "cardNumber": "3334445551111188",
  "corporateId": "100477899900",
  "crn": "12345678",
  "emailId": "abc@gmail.com",
  "expiryDate": {
    "$date": "2031-12-15T00:00:00.000Z"
  },
  "minimumAmountDue": 500,
  "nextStatementDate": {
    "$date": "2024-12-15T00:00:00.000Z"
  },
  "otb": 100,
  "paymentDueDate": {
    "$date": "2024-12-15T00:00:00.000Z"
  },
  "phoneNumber": "3456789074",
  "productType": "Travel",
  "relationshipNo": "100477899900",
  "totalAmountDue": 1000,
  "totalCreditLimit": 10000,
  "totalOutstanding": 5000,
  "status": "Active"
},{
  "_id": {
    "$oid": "648a0e1def3ba985b5645723"
  },
  "_class": "com.zaggle.spend_analytics.card_management.entity.CardEntity",
  "accountNumber": "0004147671606247322",
  "amountPaidLastTime": 100,
  "availableCashLimit": 12000,
  "availableCreditLimit": 12879,
  "bankCorporateId": "100477899900",
  "cardHolderName": "Monika",
  "cardId": "13c83552-efc4-11ed-a05b-0242ac120003",
  "cardNumber": "1111118881111234",
  "corporateId": "100477899900",
  "crn": "12345678",
  "emailId": "abc@gmail.com",
  "expiryDate": {
    "$date": "2031-12-15T00:00:00.000Z"
  },
  "minimumAmountDue": 500,
  "nextStatementDate": {
    "$date": "2024-12-15T00:00:00.000Z"
  },
  "otb": 100,
  "paymentDueDate": {
    "$date": "2023-02-15T00:00:00.000Z"
  },
  "phoneNumber": "3456789074",
  "productType": "Travel",
  "relationshipNo": "100477899900",
  "totalAmountDue": 1000,
  "totalCreditLimit": 10000,
  "totalOutstanding": 5000,
  "status": "Active"
},{
  "_id": {
    "$oid": "648aac73ef3ba985b5645738"
  },
  "_class": "com.zaggle.spend_analytics.card_management.entity.CardEntity",
  "accountNumber": "0004147676706247322",
  "amountPaidLastTime": 100,
  "availableCashLimit": 12000,
  "availableCreditLimit": 12879,
  "bankCorporateId": "100477899900",
  "cardHolderName": "Kanika Sharma",
  "cardId": "15c83552-efc4-11ed-a05b-0242ac120003",
  "cardNumber": "9871111111111451",
  "corporateId": "100477899900",
  "crn": "12345678",
  "emailId": "abc@gmail.com",
  "expiryDate": {
    "$date": "2031-12-15T00:00:00.000Z"
  },
  "minimumAmountDue": 500,
  "nextStatementDate": {
    "$date": "2024-12-15T00:00:00.000Z"
  },
  "otb": 100,
  "paymentDueDate": {
    "$date": "2023-02-15T00:00:00.000Z"
  },
  "phoneNumber": "3456789074",
  "productType": "Travel",
  "relationshipNo": "100477899900",
  "totalAmountDue": 1000,
  "totalCreditLimit": 10000,
  "totalOutstanding": 5000,
  "status": "Active"
},{
  "_id": {
    "$oid": "648aad00ef3ba985b564573c"
  },
  "_class": "com.zaggle.spend_analytics.card_management.entity.CardEntity",
  "accountNumber": "000414768786247322",
  "amountPaidLastTime": 100,
  "availableCashLimit": 12000,
  "availableCreditLimit": 12879,
  "bankCorporateId": "100477899900",
  "cardHolderName": "Manvika",
  "cardId": "16c83552-efc4-11ed-a05b-0242ac120003",
  "cardNumber": "5671111111111451",
  "corporateId": "100477899900",
  "crn": "12345678",
  "emailId": "abc@gmail.com",
  "expiryDate": {
    "$date": "2031-12-15T00:00:00.000Z"
  },
  "minimumAmountDue": 300,
  "nextStatementDate": {
    "$date": "2024-12-15T00:00:00.000Z"
  },
  "otb": 100,
  "paymentDueDate": {
    "$date": "2023-08-15T00:00:00.000Z"
  },
  "phoneNumber": "3456789074",
  "productType": "Travel",
  "relationshipNo": "100477899900",
  "totalAmountDue": 1000,
  "totalCreditLimit": 10000,
  "totalOutstanding": 5000,
  "status": "Active"
},{
  "_id": {
    "$oid": "648aadd7ef3ba985b5645740"
  },
  "_class": "com.zaggle.spend_analytics.card_management.entity.CardEntity",
  "accountNumber": "0004147671606247322",
  "amountPaidLastTime": 100,
  "availableCashLimit": 12000,
  "availableCreditLimit": 12879,
  "bankCorporateId": "100477899900",
  "cardHolderName": "Monisha",
  "cardId": "17c83552-efc4-11ed-a05b-0242ac120003",
  "cardNumber": "1234111111111451",
  "corporateId": "100477899900",
  "crn": "12345678",
  "emailId": "abc@gmail.com",
  "expiryDate": {
    "$date": "2031-12-15T00:00:00.000Z"
  },
  "minimumAmountDue": 500,
  "nextStatementDate": {
    "$date": "2024-12-15T00:00:00.000Z"
  },
  "otb": 100,
  "paymentDueDate": {
    "$date": "2023-02-15T00:00:00.000Z"
  },
  "phoneNumber": "3456789074",
  "productType": "Travel",
  "relationshipNo": "100477899900",
  "totalAmountDue": 1000,
  "totalCreditLimit": 10000,
  "totalOutstanding": 5000,
  "status": ""
},{
  "_id": {
    "$oid": "648aae54ef3ba985b5645744"
  },
  "_class": "com.zaggle.spend_analytics.card_management.entity.CardEntity",
  "accountNumber": "0004147671606247322",
  "amountPaidLastTime": 100,
  "availableCashLimit": 12000,
  "availableCreditLimit": 12879,
  "bankCorporateId": "100477899900",
  "cardHolderName": "Shankar Sourav",
  "cardId": "09c83552-efc4-11ed-a05b-0242ac120097",
  "cardNumber": "0951111111111451",
  "corporateId": "100477899900",
  "crn": "12345678",
  "emailId": "abc@gmail.com",
  "expiryDate": {
    "$date": "2031-12-15T00:00:00.000Z"
  },
  "minimumAmountDue": 500,
  "nextStatementDate": {
    "$date": "2024-12-15T00:00:00.000Z"
  },
  "otb": 100,
  "paymentDueDate": {
    "$date": "2023-02-15T00:00:00.000Z"
  },
  "phoneNumber": "3456789074",
  "productType": "Travel",
  "relationshipNo": "100477899900",
  "totalAmountDue": 1000,
  "totalCreditLimit": 10000,
  "totalOutstanding": 5000,
  "status": "Active"
}]